{
  "timestamp": 1777510668.4475021,
  "sequential": {
    "count": 100,
    "mean_ms": 0.019414424896240234,
    "p95_ms": 0.025987625122070312
  },
  "concurrent": {
    "count": 100,
    "mean_ms": 0.03059864044189453,
    "p95_ms": 0.09655952453613281
  }
}